{"loss": [3.3880622386932373], "accuracy": [0.12308673560619354]}